{
  "SfwebTzeBWdn": false,
  "EPYFGWtzmvmb": false,
  "pXyOpxXgSKmJ": {
    "pqWdceMZiHSw": "#CC3333CC"
  },
  "CmrdhIgOgkrj": {
    "pqWdceMZiHSw": "#CC4C4CCC"
  },
  "jDIrLnWInmXI": {
    "pqWdceMZiHSw": "#33CC33CC"
  },
  "PqiUqXcIJQLN": {
    "pqWdceMZiHSw": "#3333CCCC"
  },
  "RAPASlngmshl": {
    "pqWdceMZiHSw": "#CC3333CC"
  },
  "ZxCNLIxIwpAD": {
    "pqWdceMZiHSw": "#CC4C4CCC"
  },
  "dcodESZPySpe": {
    "pqWdceMZiHSw": "#33CCCCCC"
  },
  "IfEAXPWrpMIO": {
    "pqWdceMZiHSw": "#CC4C4CCC"
  },
  "SmViVzUUsrvG": {
    "pqWdceMZiHSw": "#CCCC33CC"
  },
  "fosvzJclYOoa": {
    "pqWdceMZiHSw": "#CC3333CC"
  },
  "dNATcpcyndWO": {
    "pqWdceMZiHSw": "#CC4C4CCC"
  },
  "MHetvyJiRRhg": {
    "pqWdceMZiHSw": "#CC33CCCC"
  }
}