{
    "__comment": "Model generated using MrCrayfish's Model Creator (http://mrcrayfish.com/modelcreator/)",
    "textures": {
        "particle": "lucky:blocks/lucky_block_delta",
        "0": "lucky:blocks/lucky_block_delta"
    },
    "elements": [
        {
            "name": "Cube",
            "from": [ 0.0, 0.0, 0.0 ], 
            "to": [ 16.0, 16.0, 16.0 ], 
            "faces": {
                "north": { "texture": "#0", "uv": [ 0.0, 0.0, 16.0, 16.0 ] },
                "east": { "texture": "#0", "uv": [ 0.0, 0.0, 16.0, 16.0 ] },
                "south": { "texture": "#0", "uv": [ 0.0, 0.0, 16.0, 16.0 ] },
                "west": { "texture": "#0", "uv": [ 0.0, 0.0, 16.0, 16.0 ] },
                "up": { "texture": "#0", "uv": [ 0.0, 0.0, 16.0, 16.0 ] },
                "down": { "texture": "#0", "uv": [ 0.0, 0.0, 16.0, 16.0 ] }
            }
        },
        {
            "name": "Cube",
            "from": [ 9.0, 16.0, 6.0 ], 
            "to": [ 10.0, 16.5, 8.0 ], 
            "faces": {
                "north": { "texture": "#0", "uv": [ 11.0, 11.0, 12.0, 11.5 ] },
                "east": { "texture": "#0", "uv": [ 11.0, 11.0, 12.0, 11.5 ] },
                "south": { "texture": "#0", "uv": [ 11.0, 11.0, 12.0, 11.5 ] },
                "west": { "texture": "#0", "uv": [ 11.0, 11.0, 12.0, 11.5 ] },
                "up": { "texture": "#0", "uv": [ 11.0, 11.0, 12.0, 12.0 ] },
                "down": { "texture": "#0", "uv": [ 11.0, 11.0, 12.0, 12.0 ] }
            }
        },
        {
            "name": "Cube",
            "from": [ 10.0, 16.0, 8.0 ], 
            "to": [ 11.0, 16.5, 10.0 ], 
            "faces": {
                "north": { "texture": "#0", "uv": [ 11.0, 11.0, 12.0, 11.5 ] },
                "east": { "texture": "#0", "uv": [ 11.0, 11.0, 12.0, 11.5 ] },
                "south": { "texture": "#0", "uv": [ 11.0, 11.0, 12.0, 11.5 ] },
                "west": { "texture": "#0", "uv": [ 11.0, 11.0, 12.0, 11.5 ] },
                "up": { "texture": "#0", "uv": [ 11.0, 11.0, 12.0, 12.0 ] },
                "down": { "texture": "#0", "uv": [ 11.0, 11.0, 12.0, 12.0 ] }
            }
        },
        {
            "name": "Cube",
            "from": [ 11.0, 16.0, 10.0 ], 
            "to": [ 12.0, 16.5, 12.0 ], 
            "faces": {
                "north": { "texture": "#0", "uv": [ 11.0, 11.0, 12.0, 11.5 ] },
                "east": { "texture": "#0", "uv": [ 11.0, 11.0, 12.0, 11.5 ] },
                "south": { "texture": "#0", "uv": [ 11.0, 11.0, 12.0, 11.5 ] },
                "west": { "texture": "#0", "uv": [ 11.0, 11.0, 12.0, 11.5 ] },
                "up": { "texture": "#0", "uv": [ 11.0, 11.0, 12.0, 12.0 ] },
                "down": { "texture": "#0", "uv": [ 11.0, 11.0, 12.0, 12.0 ] }
            }
        },
        {
            "name": "Cube",
            "from": [ 3.0, -0.5, 11.0 ], 
            "to": [ 4.0, 0.0, 13.0 ], 
            "faces": {
                "north": { "texture": "#0", "uv": [ 11.0, 11.0, 12.0, 11.5 ] },
                "east": { "texture": "#0", "uv": [ 11.0, 11.0, 12.0, 11.5 ] },
                "south": { "texture": "#0", "uv": [ 11.0, 11.0, 12.0, 11.5 ] },
                "west": { "texture": "#0", "uv": [ 11.0, 11.0, 12.0, 11.5 ] },
                "up": { "texture": "#0", "uv": [ 11.0, 11.0, 12.0, 12.0 ] },
                "down": { "texture": "#0", "uv": [ 11.0, 11.0, 12.0, 12.0 ] }
            }
        },
        {
            "name": "Cube",
            "from": [ 6.0, 16.0, 6.0 ], 
            "to": [ 7.0, 16.5, 8.0 ], 
            "faces": {
                "north": { "texture": "#0", "uv": [ 11.0, 11.0, 12.0, 11.5 ] },
                "east": { "texture": "#0", "uv": [ 11.0, 11.0, 12.0, 11.5 ] },
                "south": { "texture": "#0", "uv": [ 11.0, 11.0, 12.0, 11.5 ] },
                "west": { "texture": "#0", "uv": [ 11.0, 11.0, 12.0, 11.5 ] },
                "up": { "texture": "#0", "uv": [ 11.0, 11.0, 12.0, 12.0 ] },
                "down": { "texture": "#0", "uv": [ 11.0, 11.0, 12.0, 12.0 ] }
            }
        },
        {
            "name": "Cube",
            "from": [ 7.0, 16.0, 4.0 ], 
            "to": [ 9.0, 16.5, 6.0 ], 
            "faces": {
                "north": { "texture": "#0", "uv": [ 11.0, 11.0, 12.0, 11.5 ] },
                "east": { "texture": "#0", "uv": [ 11.0, 11.0, 12.0, 11.5 ] },
                "south": { "texture": "#0", "uv": [ 11.0, 11.0, 12.0, 11.5 ] },
                "west": { "texture": "#0", "uv": [ 11.0, 11.0, 12.0, 11.5 ] },
                "up": { "texture": "#0", "uv": [ 11.0, 11.0, 12.0, 12.0 ] },
                "down": { "texture": "#0", "uv": [ 11.0, 11.0, 12.0, 12.0 ] }
            }
        },
        {
            "name": "Cube",
            "from": [ 11.0, 12.0, 16.0 ], 
            "to": [ 12.0, 13.0, 16.5 ], 
            "faces": {
                "north": { "texture": "#0", "uv": [ 11.0, 11.0, 12.0, 11.5 ] },
                "east": { "texture": "#0", "uv": [ 11.0, 11.0, 12.0, 11.5 ] },
                "south": { "texture": "#0", "uv": [ 11.0, 11.0, 12.0, 11.5 ] },
                "west": { "texture": "#0", "uv": [ 11.0, 11.0, 12.0, 11.5 ] },
                "up": { "texture": "#0", "uv": [ 11.0, 11.0, 12.0, 12.0 ] },
                "down": { "texture": "#0", "uv": [ 11.0, 11.0, 12.0, 12.0 ] }
            }
        },
        {
            "name": "Cube",
            "from": [ 3.0, 16.0, 3.0 ], 
            "to": [ 4.0, 16.5, 5.0 ], 
            "faces": {
                "north": { "texture": "#0", "uv": [ 11.0, 11.0, 12.0, 11.5 ] },
                "east": { "texture": "#0", "uv": [ 11.0, 11.0, 12.0, 11.5 ] },
                "south": { "texture": "#0", "uv": [ 11.0, 11.0, 12.0, 11.5 ] },
                "west": { "texture": "#0", "uv": [ 11.0, 11.0, 12.0, 11.5 ] },
                "up": { "texture": "#0", "uv": [ 11.0, 11.0, 12.0, 12.0 ] },
                "down": { "texture": "#0", "uv": [ 11.0, 11.0, 12.0, 12.0 ] }
            }
        },
        {
            "name": "Cube",
            "from": [ 12.0, 16.0, 3.0 ], 
            "to": [ 13.0, 16.5, 5.0 ], 
            "faces": {
                "north": { "texture": "#0", "uv": [ 11.0, 11.0, 12.0, 11.5 ] },
                "east": { "texture": "#0", "uv": [ 11.0, 11.0, 12.0, 11.5 ] },
                "south": { "texture": "#0", "uv": [ 11.0, 11.0, 12.0, 11.5 ] },
                "west": { "texture": "#0", "uv": [ 11.0, 11.0, 12.0, 11.5 ] },
                "up": { "texture": "#0", "uv": [ 11.0, 11.0, 12.0, 12.0 ] },
                "down": { "texture": "#0", "uv": [ 11.0, 11.0, 12.0, 12.0 ] }
            }
        },
        {
            "name": "Cube",
            "from": [ 11.0, 16.0, 3.0 ], 
            "to": [ 12.0, 16.5, 4.0 ], 
            "faces": {
                "north": { "texture": "#0", "uv": [ 11.0, 11.0, 12.0, 11.5 ] },
                "east": { "texture": "#0", "uv": [ 11.0, 11.0, 12.0, 11.5 ] },
                "south": { "texture": "#0", "uv": [ 11.0, 11.0, 12.0, 11.5 ] },
                "west": { "texture": "#0", "uv": [ 11.0, 11.0, 12.0, 11.5 ] },
                "up": { "texture": "#0", "uv": [ 11.0, 11.0, 12.0, 12.0 ] },
                "down": { "texture": "#0", "uv": [ 11.0, 11.0, 12.0, 12.0 ] }
            }
        },
        {
            "name": "Cube",
            "from": [ 4.0, 16.0, 3.0 ], 
            "to": [ 5.0, 16.5, 4.0 ], 
            "faces": {
                "north": { "texture": "#0", "uv": [ 11.0, 11.0, 12.0, 11.5 ] },
                "east": { "texture": "#0", "uv": [ 11.0, 11.0, 12.0, 11.5 ] },
                "south": { "texture": "#0", "uv": [ 11.0, 11.0, 12.0, 11.5 ] },
                "west": { "texture": "#0", "uv": [ 11.0, 11.0, 12.0, 11.5 ] },
                "up": { "texture": "#0", "uv": [ 11.0, 11.0, 12.0, 12.0 ] },
                "down": { "texture": "#0", "uv": [ 11.0, 11.0, 12.0, 12.0 ] }
            }
        },
        {
            "name": "Cube",
            "from": [ 5.0, 16.0, 8.0 ], 
            "to": [ 6.0, 16.5, 10.0 ], 
            "faces": {
                "north": { "texture": "#0", "uv": [ 11.0, 11.0, 12.0, 11.5 ] },
                "east": { "texture": "#0", "uv": [ 11.0, 11.0, 12.0, 11.5 ] },
                "south": { "texture": "#0", "uv": [ 11.0, 11.0, 12.0, 11.5 ] },
                "west": { "texture": "#0", "uv": [ 11.0, 11.0, 12.0, 11.5 ] },
                "up": { "texture": "#0", "uv": [ 11.0, 11.0, 12.0, 12.0 ] },
                "down": { "texture": "#0", "uv": [ 11.0, 11.0, 12.0, 12.0 ] }
            }
        },
        {
            "name": "Cube",
            "from": [ 12.0, -0.5, 11.0 ], 
            "to": [ 13.0, 0.0, 13.0 ], 
            "faces": {
                "north": { "texture": "#0", "uv": [ 11.0, 11.0, 12.0, 11.5 ] },
                "east": { "texture": "#0", "uv": [ 11.0, 11.0, 12.0, 11.5 ] },
                "south": { "texture": "#0", "uv": [ 11.0, 11.0, 12.0, 11.5 ] },
                "west": { "texture": "#0", "uv": [ 11.0, 11.0, 12.0, 11.5 ] },
                "up": { "texture": "#0", "uv": [ 11.0, 11.0, 12.0, 12.0 ] },
                "down": { "texture": "#0", "uv": [ 11.0, 11.0, 12.0, 12.0 ] }
            }
        },
        {
            "name": "Cube",
            "from": [ 11.0, -0.5, 12.0 ], 
            "to": [ 12.0, 0.0, 13.0 ], 
            "faces": {
                "north": { "texture": "#0", "uv": [ 11.0, 11.0, 12.0, 11.5 ] },
                "east": { "texture": "#0", "uv": [ 11.0, 11.0, 12.0, 11.5 ] },
                "south": { "texture": "#0", "uv": [ 11.0, 11.0, 12.0, 11.5 ] },
                "west": { "texture": "#0", "uv": [ 11.0, 11.0, 12.0, 11.5 ] },
                "up": { "texture": "#0", "uv": [ 11.0, 11.0, 12.0, 12.0 ] },
                "down": { "texture": "#0", "uv": [ 11.0, 11.0, 12.0, 12.0 ] }
            }
        },
        {
            "name": "Cube",
            "from": [ 4.0, -0.5, 12.0 ], 
            "to": [ 5.0, 0.0, 13.0 ], 
            "faces": {
                "north": { "texture": "#0", "uv": [ 11.0, 11.0, 12.0, 11.5 ] },
                "east": { "texture": "#0", "uv": [ 11.0, 11.0, 12.0, 11.5 ] },
                "south": { "texture": "#0", "uv": [ 11.0, 11.0, 12.0, 11.5 ] },
                "west": { "texture": "#0", "uv": [ 11.0, 11.0, 12.0, 11.5 ] },
                "up": { "texture": "#0", "uv": [ 11.0, 11.0, 12.0, 12.0 ] },
                "down": { "texture": "#0", "uv": [ 11.0, 11.0, 12.0, 12.0 ] }
            }
        },
        {
            "name": "Cube",
            "from": [ 7.0, -0.5, 10.0 ], 
            "to": [ 9.0, 0.0, 12.0 ], 
            "faces": {
                "north": { "texture": "#0", "uv": [ 11.0, 11.0, 12.0, 11.5 ] },
                "east": { "texture": "#0", "uv": [ 11.0, 11.0, 12.0, 11.5 ] },
                "south": { "texture": "#0", "uv": [ 11.0, 11.0, 12.0, 11.5 ] },
                "west": { "texture": "#0", "uv": [ 11.0, 11.0, 12.0, 11.5 ] },
                "up": { "texture": "#0", "uv": [ 11.0, 11.0, 12.0, 12.0 ] },
                "down": { "texture": "#0", "uv": [ 11.0, 11.0, 12.0, 12.0 ] }
            }
        },
        {
            "name": "Cube",
            "from": [ 9.0, -0.5, 8.0 ], 
            "to": [ 10.0, 0.0, 10.0 ], 
            "faces": {
                "north": { "texture": "#0", "uv": [ 11.0, 11.0, 12.0, 11.5 ] },
                "east": { "texture": "#0", "uv": [ 11.0, 11.0, 12.0, 11.5 ] },
                "south": { "texture": "#0", "uv": [ 11.0, 11.0, 12.0, 11.5 ] },
                "west": { "texture": "#0", "uv": [ 11.0, 11.0, 12.0, 11.5 ] },
                "up": { "texture": "#0", "uv": [ 11.0, 11.0, 12.0, 12.0 ] },
                "down": { "texture": "#0", "uv": [ 11.0, 11.0, 12.0, 12.0 ] }
            }
        },
        {
            "name": "Cube",
            "from": [ 6.0, -0.5, 8.0 ], 
            "to": [ 7.0, 0.0, 10.0 ], 
            "faces": {
                "north": { "texture": "#0", "uv": [ 11.0, 11.0, 12.0, 11.5 ] },
                "east": { "texture": "#0", "uv": [ 11.0, 11.0, 12.0, 11.5 ] },
                "south": { "texture": "#0", "uv": [ 11.0, 11.0, 12.0, 11.5 ] },
                "west": { "texture": "#0", "uv": [ 11.0, 11.0, 12.0, 11.5 ] },
                "up": { "texture": "#0", "uv": [ 11.0, 11.0, 12.0, 12.0 ] },
                "down": { "texture": "#0", "uv": [ 11.0, 11.0, 12.0, 12.0 ] }
            }
        },
        {
            "name": "Cube",
            "from": [ 5.0, -0.5, 6.0 ], 
            "to": [ 6.0, 0.0, 8.0 ], 
            "faces": {
                "north": { "texture": "#0", "uv": [ 11.0, 11.0, 12.0, 11.5 ] },
                "east": { "texture": "#0", "uv": [ 11.0, 11.0, 12.0, 11.5 ] },
                "south": { "texture": "#0", "uv": [ 11.0, 11.0, 12.0, 11.5 ] },
                "west": { "texture": "#0", "uv": [ 11.0, 11.0, 12.0, 11.5 ] },
                "up": { "texture": "#0", "uv": [ 11.0, 11.0, 12.0, 12.0 ] },
                "down": { "texture": "#0", "uv": [ 11.0, 11.0, 12.0, 12.0 ] }
            }
        },
        {
            "name": "Cube",
            "from": [ 10.0, -0.5, 6.0 ], 
            "to": [ 11.0, 0.0, 8.0 ], 
            "faces": {
                "north": { "texture": "#0", "uv": [ 11.0, 11.0, 12.0, 11.5 ] },
                "east": { "texture": "#0", "uv": [ 11.0, 11.0, 12.0, 11.5 ] },
                "south": { "texture": "#0", "uv": [ 11.0, 11.0, 12.0, 11.5 ] },
                "west": { "texture": "#0", "uv": [ 11.0, 11.0, 12.0, 11.5 ] },
                "up": { "texture": "#0", "uv": [ 11.0, 11.0, 12.0, 12.0 ] },
                "down": { "texture": "#0", "uv": [ 11.0, 11.0, 12.0, 12.0 ] }
            }
        },
        {
            "name": "Cube",
            "from": [ 11.0, -0.5, 4.0 ], 
            "to": [ 12.0, 0.0, 6.0 ], 
            "faces": {
                "north": { "texture": "#0", "uv": [ 11.0, 11.0, 12.0, 11.5 ] },
                "east": { "texture": "#0", "uv": [ 11.0, 11.0, 12.0, 11.5 ] },
                "south": { "texture": "#0", "uv": [ 11.0, 11.0, 12.0, 11.5 ] },
                "west": { "texture": "#0", "uv": [ 11.0, 11.0, 12.0, 11.5 ] },
                "up": { "texture": "#0", "uv": [ 11.0, 11.0, 12.0, 12.0 ] },
                "down": { "texture": "#0", "uv": [ 11.0, 11.0, 12.0, 12.0 ] }
            }
        },
        {
            "name": "Cube",
            "from": [ 4.0, -0.5, 4.0 ], 
            "to": [ 5.0, 0.0, 6.0 ], 
            "faces": {
                "north": { "texture": "#0", "uv": [ 11.0, 11.0, 12.0, 11.5 ] },
                "east": { "texture": "#0", "uv": [ 11.0, 11.0, 12.0, 11.5 ] },
                "south": { "texture": "#0", "uv": [ 11.0, 11.0, 12.0, 11.5 ] },
                "west": { "texture": "#0", "uv": [ 11.0, 11.0, 12.0, 11.5 ] },
                "up": { "texture": "#0", "uv": [ 11.0, 11.0, 12.0, 12.0 ] },
                "down": { "texture": "#0", "uv": [ 11.0, 11.0, 12.0, 12.0 ] }
            }
        },
        {
            "name": "Cube",
            "from": [ 3.0, -0.5, 3.0 ], 
            "to": [ 13.0, 0.0, 4.0 ], 
            "faces": {
                "north": { "texture": "#0", "uv": [ 11.0, 11.0, 12.0, 11.5 ] },
                "east": { "texture": "#0", "uv": [ 11.0, 11.0, 12.0, 11.5 ] },
                "south": { "texture": "#0", "uv": [ 11.0, 11.0, 12.0, 11.5 ] },
                "west": { "texture": "#0", "uv": [ 11.0, 11.0, 12.0, 11.5 ] },
                "up": { "texture": "#0", "uv": [ 11.0, 11.0, 12.0, 12.0 ] },
                "down": { "texture": "#0", "uv": [ 11.0, 11.0, 12.0, 12.0 ] }
            }
        },
        {
            "name": "Cube",
            "from": [ -0.5, 12.0, 4.0 ], 
            "to": [ 0.0, 13.0, 5.0 ], 
            "faces": {
                "north": { "texture": "#0", "uv": [ 11.0, 11.0, 12.0, 12.0 ] },
                "east": { "texture": "#0", "uv": [ 11.0, 11.0, 12.0, 12.0 ] },
                "south": { "texture": "#0", "uv": [ 11.0, 11.0, 11.5, 12.0 ] },
                "west": { "texture": "#0", "uv": [ 11.0, 11.0, 12.0, 12.0 ] },
                "up": { "texture": "#0", "uv": [ 11.0, 11.0, 12.0, 12.0 ] },
                "down": { "texture": "#0", "uv": [ 11.0, 11.0, 12.0, 12.0 ] }
            }
        },
        {
            "name": "Cube",
            "from": [ -0.5, 3.0, 3.0 ], 
            "to": [ 0.0, 4.0, 13.0 ], 
            "faces": {
                "north": { "texture": "#0", "uv": [ 11.0, 11.0, 12.0, 12.0 ] },
                "east": { "texture": "#0", "uv": [ 11.0, 11.0, 12.0, 12.0 ] },
                "south": { "texture": "#0", "uv": [ 11.0, 11.0, 11.5, 12.0 ] },
                "west": { "texture": "#0", "uv": [ 11.0, 11.0, 12.0, 12.0 ] },
                "up": { "texture": "#0", "uv": [ 11.0, 11.0, 12.0, 12.0 ] },
                "down": { "texture": "#0", "uv": [ 11.0, 11.0, 12.0, 12.0 ] }
            }
        },
        {
            "name": "Cube",
            "from": [ -0.5, 4.0, 4.0 ], 
            "to": [ 0.0, 6.0, 5.0 ], 
            "faces": {
                "north": { "texture": "#0", "uv": [ 11.0, 11.0, 12.0, 12.0 ] },
                "east": { "texture": "#0", "uv": [ 11.0, 11.0, 12.0, 12.0 ] },
                "south": { "texture": "#0", "uv": [ 11.0, 11.0, 11.5, 13.0 ] },
                "west": { "texture": "#0", "uv": [ 11.0, 11.0, 12.0, 12.0 ] },
                "up": { "texture": "#0", "uv": [ 11.0, 11.0, 12.0, 12.0 ] },
                "down": { "texture": "#0", "uv": [ 11.0, 11.0, 12.0, 12.0 ] }
            }
        },
        {
            "name": "Cube",
            "from": [ -0.5, 6.0, 5.0 ], 
            "to": [ 0.0, 8.0, 6.0 ], 
            "faces": {
                "north": { "texture": "#0", "uv": [ 11.0, 11.0, 12.0, 12.0 ] },
                "east": { "texture": "#0", "uv": [ 11.0, 11.0, 12.0, 12.0 ] },
                "south": { "texture": "#0", "uv": [ 11.0, 11.0, 11.5, 13.0 ] },
                "west": { "texture": "#0", "uv": [ 11.0, 11.0, 12.0, 12.0 ] },
                "up": { "texture": "#0", "uv": [ 11.0, 11.0, 12.0, 12.0 ] },
                "down": { "texture": "#0", "uv": [ 11.0, 11.0, 12.0, 12.0 ] }
            }
        },
        {
            "name": "Cube",
            "from": [ -0.5, 8.0, 6.0 ], 
            "to": [ 0.0, 10.0, 7.0 ], 
            "faces": {
                "north": { "texture": "#0", "uv": [ 11.0, 11.0, 12.0, 12.0 ] },
                "east": { "texture": "#0", "uv": [ 11.0, 11.0, 12.0, 12.0 ] },
                "south": { "texture": "#0", "uv": [ 11.0, 11.0, 11.5, 13.0 ] },
                "west": { "texture": "#0", "uv": [ 11.0, 11.0, 12.0, 12.0 ] },
                "up": { "texture": "#0", "uv": [ 11.0, 11.0, 12.0, 12.0 ] },
                "down": { "texture": "#0", "uv": [ 11.0, 11.0, 12.0, 12.0 ] }
            }
        },
        {
            "name": "Cube",
            "from": [ -0.5, 8.0, 9.0 ], 
            "to": [ 0.0, 10.0, 10.0 ], 
            "faces": {
                "north": { "texture": "#0", "uv": [ 11.0, 11.0, 12.0, 12.0 ] },
                "east": { "texture": "#0", "uv": [ 11.0, 11.0, 12.0, 12.0 ] },
                "south": { "texture": "#0", "uv": [ 11.0, 11.0, 11.5, 13.0 ] },
                "west": { "texture": "#0", "uv": [ 11.0, 11.0, 12.0, 12.0 ] },
                "up": { "texture": "#0", "uv": [ 11.0, 11.0, 12.0, 12.0 ] },
                "down": { "texture": "#0", "uv": [ 11.0, 11.0, 12.0, 12.0 ] }
            }
        },
        {
            "name": "Cube",
            "from": [ -0.5, 6.0, 10.0 ], 
            "to": [ 0.0, 8.0, 11.0 ], 
            "faces": {
                "north": { "texture": "#0", "uv": [ 11.0, 11.0, 12.0, 12.0 ] },
                "east": { "texture": "#0", "uv": [ 11.0, 11.0, 12.0, 12.0 ] },
                "south": { "texture": "#0", "uv": [ 11.0, 11.0, 11.5, 13.0 ] },
                "west": { "texture": "#0", "uv": [ 11.0, 11.0, 12.0, 12.0 ] },
                "up": { "texture": "#0", "uv": [ 11.0, 11.0, 12.0, 12.0 ] },
                "down": { "texture": "#0", "uv": [ 11.0, 11.0, 12.0, 12.0 ] }
            }
        },
        {
            "name": "Cube",
            "from": [ -0.5, 4.0, 11.0 ], 
            "to": [ 0.0, 6.0, 12.0 ], 
            "faces": {
                "north": { "texture": "#0", "uv": [ 11.0, 11.0, 12.0, 12.0 ] },
                "east": { "texture": "#0", "uv": [ 11.0, 11.0, 12.0, 12.0 ] },
                "south": { "texture": "#0", "uv": [ 11.0, 11.0, 11.5, 13.0 ] },
                "west": { "texture": "#0", "uv": [ 11.0, 11.0, 12.0, 12.0 ] },
                "up": { "texture": "#0", "uv": [ 11.0, 11.0, 12.0, 12.0 ] },
                "down": { "texture": "#0", "uv": [ 11.0, 11.0, 12.0, 12.0 ] }
            }
        },
        {
            "name": "Cube",
            "from": [ -0.5, 10.0, 7.0 ], 
            "to": [ 0.0, 12.0, 9.0 ], 
            "faces": {
                "north": { "texture": "#0", "uv": [ 11.0, 11.0, 12.0, 12.0 ] },
                "east": { "texture": "#0", "uv": [ 11.0, 11.0, 12.0, 12.0 ] },
                "south": { "texture": "#0", "uv": [ 11.0, 11.0, 11.5, 13.0 ] },
                "west": { "texture": "#0", "uv": [ 11.0, 11.0, 12.0, 12.0 ] },
                "up": { "texture": "#0", "uv": [ 11.0, 11.0, 12.0, 12.0 ] },
                "down": { "texture": "#0", "uv": [ 11.0, 11.0, 12.0, 12.0 ] }
            }
        },
        {
            "name": "Cube",
            "from": [ -0.5, 11.0, 3.0 ], 
            "to": [ 0.0, 13.0, 4.0 ], 
            "faces": {
                "north": { "texture": "#0", "uv": [ 11.0, 11.0, 12.0, 12.0 ] },
                "east": { "texture": "#0", "uv": [ 11.0, 11.0, 12.0, 12.0 ] },
                "south": { "texture": "#0", "uv": [ 11.0, 11.0, 11.5, 13.0 ] },
                "west": { "texture": "#0", "uv": [ 11.0, 11.0, 12.0, 12.0 ] },
                "up": { "texture": "#0", "uv": [ 11.0, 11.0, 12.0, 12.0 ] },
                "down": { "texture": "#0", "uv": [ 11.0, 11.0, 12.0, 12.0 ] }
            }
        },
        {
            "name": "Cube",
            "from": [ -0.5, 11.0, 12.0 ], 
            "to": [ 0.0, 13.0, 13.0 ], 
            "faces": {
                "north": { "texture": "#0", "uv": [ 11.0, 11.0, 12.0, 12.0 ] },
                "east": { "texture": "#0", "uv": [ 11.0, 11.0, 12.0, 12.0 ] },
                "south": { "texture": "#0", "uv": [ 11.0, 11.0, 11.5, 13.0 ] },
                "west": { "texture": "#0", "uv": [ 11.0, 11.0, 12.0, 12.0 ] },
                "up": { "texture": "#0", "uv": [ 11.0, 11.0, 12.0, 12.0 ] },
                "down": { "texture": "#0", "uv": [ 11.0, 11.0, 12.0, 12.0 ] }
            }
        },
        {
            "name": "Cube",
            "from": [ -0.5, 12.0, 11.0 ], 
            "to": [ 0.0, 13.0, 12.0 ], 
            "faces": {
                "north": { "texture": "#0", "uv": [ 11.0, 11.0, 12.0, 12.0 ] },
                "east": { "texture": "#0", "uv": [ 11.0, 11.0, 12.0, 12.0 ] },
                "south": { "texture": "#0", "uv": [ 11.0, 11.0, 11.5, 12.0 ] },
                "west": { "texture": "#0", "uv": [ 11.0, 11.0, 12.0, 12.0 ] },
                "up": { "texture": "#0", "uv": [ 11.0, 11.0, 12.0, 12.0 ] },
                "down": { "texture": "#0", "uv": [ 11.0, 11.0, 12.0, 12.0 ] }
            }
        },
        {
            "name": "Cube",
            "from": [ 16.0, 13.0, 5.0 ], 
            "to": [ 16.5, 12.0, 4.0 ], 
            "faces": {
                "north": { "texture": "#0", "uv": [ 11.0, 11.0, 12.0, 12.0 ] },
                "east": { "texture": "#0", "uv": [ 11.0, 11.0, 12.0, 12.0 ] },
                "south": { "texture": "#0", "uv": [ 11.0, 11.0, 11.5, 10.0 ] },
                "west": { "texture": "#0", "uv": [ 11.0, 11.0, 12.0, 12.0 ] },
                "up": { "texture": "#0", "uv": [ 11.0, 11.0, 12.0, 12.0 ] },
                "down": { "texture": "#0", "uv": [ 11.0, 11.0, 12.0, 12.0 ] }
            }
        },
        {
            "name": "Cube",
            "from": [ 16.0, 10.0, 7.0 ], 
            "to": [ 16.5, 12.0, 9.0 ], 
            "faces": {
                "north": { "texture": "#0", "uv": [ 11.0, 11.0, 12.0, 12.0 ] },
                "east": { "texture": "#0", "uv": [ 11.0, 11.0, 12.0, 12.0 ] },
                "south": { "texture": "#0", "uv": [ 11.0, 11.0, 11.5, 13.0 ] },
                "west": { "texture": "#0", "uv": [ 11.0, 11.0, 12.0, 12.0 ] },
                "up": { "texture": "#0", "uv": [ 11.0, 11.0, 12.0, 12.0 ] },
                "down": { "texture": "#0", "uv": [ 11.0, 11.0, 12.0, 12.0 ] }
            }
        },
        {
            "name": "Cube",
            "from": [ 16.0, 3.0, 3.0 ], 
            "to": [ 16.5, 4.0, 13.0 ], 
            "faces": {
                "north": { "texture": "#0", "uv": [ 11.0, 11.0, 12.0, 12.0 ] },
                "east": { "texture": "#0", "uv": [ 11.0, 11.0, 12.0, 12.0 ] },
                "south": { "texture": "#0", "uv": [ 11.0, 11.0, 11.5, 12.0 ] },
                "west": { "texture": "#0", "uv": [ 11.0, 11.0, 12.0, 12.0 ] },
                "up": { "texture": "#0", "uv": [ 11.0, 11.0, 12.0, 12.0 ] },
                "down": { "texture": "#0", "uv": [ 11.0, 11.0, 12.0, 12.0 ] }
            }
        },
        {
            "name": "Cube",
            "from": [ 16.0, 4.0, 11.0 ], 
            "to": [ 16.5, 6.0, 12.0 ], 
            "faces": {
                "north": { "texture": "#0", "uv": [ 11.0, 11.0, 12.0, 12.0 ] },
                "east": { "texture": "#0", "uv": [ 11.0, 11.0, 12.0, 12.0 ] },
                "south": { "texture": "#0", "uv": [ 11.0, 11.0, 11.5, 13.0 ] },
                "west": { "texture": "#0", "uv": [ 11.0, 11.0, 12.0, 12.0 ] },
                "up": { "texture": "#0", "uv": [ 11.0, 11.0, 12.0, 12.0 ] },
                "down": { "texture": "#0", "uv": [ 11.0, 11.0, 12.0, 12.0 ] }
            }
        },
        {
            "name": "Cube",
            "from": [ 16.0, 6.0, 10.0 ], 
            "to": [ 16.5, 8.0, 11.0 ], 
            "faces": {
                "north": { "texture": "#0", "uv": [ 11.0, 11.0, 12.0, 12.0 ] },
                "east": { "texture": "#0", "uv": [ 11.0, 11.0, 12.0, 12.0 ] },
                "south": { "texture": "#0", "uv": [ 11.0, 11.0, 11.5, 13.0 ] },
                "west": { "texture": "#0", "uv": [ 11.0, 11.0, 12.0, 12.0 ] },
                "up": { "texture": "#0", "uv": [ 11.0, 11.0, 12.0, 12.0 ] },
                "down": { "texture": "#0", "uv": [ 11.0, 11.0, 12.0, 12.0 ] }
            }
        },
        {
            "name": "Cube",
            "from": [ 16.0, 8.0, 9.0 ], 
            "to": [ 16.5, 10.0, 10.0 ], 
            "faces": {
                "north": { "texture": "#0", "uv": [ 11.0, 11.0, 12.0, 12.0 ] },
                "east": { "texture": "#0", "uv": [ 11.0, 11.0, 12.0, 12.0 ] },
                "south": { "texture": "#0", "uv": [ 11.0, 11.0, 11.5, 13.0 ] },
                "west": { "texture": "#0", "uv": [ 11.0, 11.0, 12.0, 12.0 ] },
                "up": { "texture": "#0", "uv": [ 11.0, 11.0, 12.0, 12.0 ] },
                "down": { "texture": "#0", "uv": [ 11.0, 11.0, 12.0, 12.0 ] }
            }
        },
        {
            "name": "Cube",
            "from": [ 16.0, 8.0, 6.0 ], 
            "to": [ 16.5, 10.0, 7.0 ], 
            "faces": {
                "north": { "texture": "#0", "uv": [ 11.0, 11.0, 12.0, 12.0 ] },
                "east": { "texture": "#0", "uv": [ 11.0, 11.0, 12.0, 12.0 ] },
                "south": { "texture": "#0", "uv": [ 11.0, 11.0, 11.5, 13.0 ] },
                "west": { "texture": "#0", "uv": [ 11.0, 11.0, 12.0, 12.0 ] },
                "up": { "texture": "#0", "uv": [ 11.0, 11.0, 12.0, 12.0 ] },
                "down": { "texture": "#0", "uv": [ 11.0, 11.0, 12.0, 12.0 ] }
            }
        },
        {
            "name": "Cube",
            "from": [ 16.0, 6.0, 5.0 ], 
            "to": [ 16.5, 8.0, 6.0 ], 
            "faces": {
                "north": { "texture": "#0", "uv": [ 11.0, 11.0, 12.0, 12.0 ] },
                "east": { "texture": "#0", "uv": [ 11.0, 11.0, 12.0, 12.0 ] },
                "south": { "texture": "#0", "uv": [ 11.0, 11.0, 11.5, 13.0 ] },
                "west": { "texture": "#0", "uv": [ 11.0, 11.0, 12.0, 12.0 ] },
                "up": { "texture": "#0", "uv": [ 11.0, 11.0, 12.0, 12.0 ] },
                "down": { "texture": "#0", "uv": [ 11.0, 11.0, 12.0, 12.0 ] }
            }
        },
        {
            "name": "Cube",
            "from": [ 16.0, 4.0, 4.0 ], 
            "to": [ 16.5, 6.0, 5.0 ], 
            "faces": {
                "north": { "texture": "#0", "uv": [ 11.0, 11.0, 12.0, 12.0 ] },
                "east": { "texture": "#0", "uv": [ 11.0, 11.0, 12.0, 12.0 ] },
                "south": { "texture": "#0", "uv": [ 11.0, 11.0, 11.5, 13.0 ] },
                "west": { "texture": "#0", "uv": [ 11.0, 11.0, 12.0, 12.0 ] },
                "up": { "texture": "#0", "uv": [ 11.0, 11.0, 12.0, 12.0 ] },
                "down": { "texture": "#0", "uv": [ 11.0, 11.0, 12.0, 12.0 ] }
            }
        },
        {
            "name": "Cube",
            "from": [ 16.0, 11.0, 3.0 ], 
            "to": [ 16.5, 13.0, 4.0 ], 
            "faces": {
                "north": { "texture": "#0", "uv": [ 11.0, 11.0, 12.0, 12.0 ] },
                "east": { "texture": "#0", "uv": [ 11.0, 11.0, 12.0, 12.0 ] },
                "south": { "texture": "#0", "uv": [ 11.0, 11.0, 11.5, 13.0 ] },
                "west": { "texture": "#0", "uv": [ 11.0, 11.0, 12.0, 12.0 ] },
                "up": { "texture": "#0", "uv": [ 11.0, 11.0, 12.0, 12.0 ] },
                "down": { "texture": "#0", "uv": [ 11.0, 11.0, 12.0, 12.0 ] }
            }
        },
        {
            "name": "Cube",
            "from": [ 16.0, 11.0, 12.0 ], 
            "to": [ 16.5, 13.0, 13.0 ], 
            "faces": {
                "north": { "texture": "#0", "uv": [ 11.0, 11.0, 12.0, 12.0 ] },
                "east": { "texture": "#0", "uv": [ 11.0, 11.0, 12.0, 12.0 ] },
                "south": { "texture": "#0", "uv": [ 11.0, 11.0, 11.5, 13.0 ] },
                "west": { "texture": "#0", "uv": [ 11.0, 11.0, 12.0, 12.0 ] },
                "up": { "texture": "#0", "uv": [ 11.0, 11.0, 12.0, 12.0 ] },
                "down": { "texture": "#0", "uv": [ 11.0, 11.0, 12.0, 12.0 ] }
            }
        },
        {
            "name": "Cube",
            "from": [ 16.0, 13.0, 12.0 ], 
            "to": [ 16.5, 12.0, 11.0 ], 
            "faces": {
                "north": { "texture": "#0", "uv": [ 11.0, 11.0, 12.0, 12.0 ] },
                "east": { "texture": "#0", "uv": [ 11.0, 11.0, 12.0, 12.0 ] },
                "south": { "texture": "#0", "uv": [ 11.0, 11.0, 11.5, 10.0 ] },
                "west": { "texture": "#0", "uv": [ 11.0, 11.0, 12.0, 12.0 ] },
                "up": { "texture": "#0", "uv": [ 11.0, 11.0, 12.0, 12.0 ] },
                "down": { "texture": "#0", "uv": [ 11.0, 11.0, 12.0, 12.0 ] }
            }
        },
        {
            "name": "Cube",
            "from": [ 3.0, 3.0, 16.0 ], 
            "to": [ 13.0, 4.0, 16.5 ], 
            "faces": {
                "north": { "texture": "#0", "uv": [ 11.0, 11.0, 12.0, 11.5 ] },
                "east": { "texture": "#0", "uv": [ 11.0, 11.0, 12.0, 11.5 ] },
                "south": { "texture": "#0", "uv": [ 11.0, 11.0, 12.0, 11.5 ] },
                "west": { "texture": "#0", "uv": [ 11.0, 11.0, 12.0, 11.5 ] },
                "up": { "texture": "#0", "uv": [ 11.0, 11.0, 12.0, 12.0 ] },
                "down": { "texture": "#0", "uv": [ 11.0, 11.0, 12.0, 12.0 ] }
            }
        },
        {
            "name": "Cube",
            "from": [ 4.0, 4.0, 16.0 ], 
            "to": [ 5.0, 6.0, 16.5 ], 
            "faces": {
                "north": { "texture": "#0", "uv": [ 11.0, 11.0, 12.0, 11.5 ] },
                "east": { "texture": "#0", "uv": [ 11.0, 11.0, 12.0, 11.5 ] },
                "south": { "texture": "#0", "uv": [ 11.0, 11.0, 12.0, 11.5 ] },
                "west": { "texture": "#0", "uv": [ 11.0, 11.0, 12.0, 11.5 ] },
                "up": { "texture": "#0", "uv": [ 11.0, 11.0, 12.0, 12.0 ] },
                "down": { "texture": "#0", "uv": [ 11.0, 11.0, 12.0, 12.0 ] }
            }
        },
        {
            "name": "Cube",
            "from": [ 5.0, 6.0, 16.0 ], 
            "to": [ 6.0, 8.0, 16.5 ], 
            "faces": {
                "north": { "texture": "#0", "uv": [ 11.0, 11.0, 12.0, 11.5 ] },
                "east": { "texture": "#0", "uv": [ 11.0, 11.0, 12.0, 11.5 ] },
                "south": { "texture": "#0", "uv": [ 11.0, 11.0, 12.0, 11.5 ] },
                "west": { "texture": "#0", "uv": [ 11.0, 11.0, 12.0, 11.5 ] },
                "up": { "texture": "#0", "uv": [ 11.0, 11.0, 12.0, 12.0 ] },
                "down": { "texture": "#0", "uv": [ 11.0, 11.0, 12.0, 12.0 ] }
            }
        },
        {
            "name": "Cube",
            "from": [ 6.0, 8.0, 16.0 ], 
            "to": [ 7.0, 10.0, 16.5 ], 
            "faces": {
                "north": { "texture": "#0", "uv": [ 11.0, 11.0, 12.0, 11.5 ] },
                "east": { "texture": "#0", "uv": [ 11.0, 11.0, 12.0, 11.5 ] },
                "south": { "texture": "#0", "uv": [ 11.0, 11.0, 12.0, 11.5 ] },
                "west": { "texture": "#0", "uv": [ 11.0, 11.0, 12.0, 11.5 ] },
                "up": { "texture": "#0", "uv": [ 11.0, 11.0, 12.0, 12.0 ] },
                "down": { "texture": "#0", "uv": [ 11.0, 11.0, 12.0, 12.0 ] }
            }
        },
        {
            "name": "Cube",
            "from": [ 7.0, 10.0, 16.0 ], 
            "to": [ 9.0, 12.0, 16.5 ], 
            "faces": {
                "north": { "texture": "#0", "uv": [ 11.0, 11.0, 12.0, 11.5 ] },
                "east": { "texture": "#0", "uv": [ 11.0, 11.0, 12.0, 11.5 ] },
                "south": { "texture": "#0", "uv": [ 11.0, 11.0, 12.0, 11.5 ] },
                "west": { "texture": "#0", "uv": [ 11.0, 11.0, 12.0, 11.5 ] },
                "up": { "texture": "#0", "uv": [ 11.0, 11.0, 12.0, 12.0 ] },
                "down": { "texture": "#0", "uv": [ 11.0, 11.0, 12.0, 12.0 ] }
            }
        },
        {
            "name": "Cube",
            "from": [ 9.0, 8.0, 16.0 ], 
            "to": [ 10.0, 10.0, 16.5 ], 
            "faces": {
                "north": { "texture": "#0", "uv": [ 11.0, 11.0, 12.0, 11.5 ] },
                "east": { "texture": "#0", "uv": [ 11.0, 11.0, 12.0, 11.5 ] },
                "south": { "texture": "#0", "uv": [ 11.0, 11.0, 12.0, 11.5 ] },
                "west": { "texture": "#0", "uv": [ 11.0, 11.0, 12.0, 11.5 ] },
                "up": { "texture": "#0", "uv": [ 11.0, 11.0, 12.0, 12.0 ] },
                "down": { "texture": "#0", "uv": [ 11.0, 11.0, 12.0, 12.0 ] }
            }
        },
        {
            "name": "Cube",
            "from": [ 10.0, 6.0, 16.0 ], 
            "to": [ 11.0, 8.0, 16.5 ], 
            "faces": {
                "north": { "texture": "#0", "uv": [ 11.0, 11.0, 12.0, 11.5 ] },
                "east": { "texture": "#0", "uv": [ 11.0, 11.0, 12.0, 11.5 ] },
                "south": { "texture": "#0", "uv": [ 11.0, 11.0, 12.0, 11.5 ] },
                "west": { "texture": "#0", "uv": [ 11.0, 11.0, 12.0, 11.5 ] },
                "up": { "texture": "#0", "uv": [ 11.0, 11.0, 12.0, 12.0 ] },
                "down": { "texture": "#0", "uv": [ 11.0, 11.0, 12.0, 12.0 ] }
            }
        },
        {
            "name": "Cube",
            "from": [ 11.0, 4.0, 16.0 ], 
            "to": [ 12.0, 6.0, 16.5 ], 
            "faces": {
                "north": { "texture": "#0", "uv": [ 11.0, 11.0, 12.0, 11.5 ] },
                "east": { "texture": "#0", "uv": [ 11.0, 11.0, 12.0, 11.5 ] },
                "south": { "texture": "#0", "uv": [ 11.0, 11.0, 12.0, 11.5 ] },
                "west": { "texture": "#0", "uv": [ 11.0, 11.0, 12.0, 11.5 ] },
                "up": { "texture": "#0", "uv": [ 11.0, 11.0, 12.0, 12.0 ] },
                "down": { "texture": "#0", "uv": [ 11.0, 11.0, 12.0, 12.0 ] }
            }
        },
        {
            "name": "Cube",
            "from": [ 12.0, 11.0, 16.0 ], 
            "to": [ 13.0, 13.0, 16.5 ], 
            "faces": {
                "north": { "texture": "#0", "uv": [ 11.0, 11.0, 12.0, 11.5 ] },
                "east": { "texture": "#0", "uv": [ 11.0, 11.0, 12.0, 11.5 ] },
                "south": { "texture": "#0", "uv": [ 11.0, 11.0, 12.0, 11.5 ] },
                "west": { "texture": "#0", "uv": [ 11.0, 11.0, 12.0, 11.5 ] },
                "up": { "texture": "#0", "uv": [ 11.0, 11.0, 12.0, 12.0 ] },
                "down": { "texture": "#0", "uv": [ 11.0, 11.0, 12.0, 12.0 ] }
            }
        },
        {
            "name": "Cube",
            "from": [ 3.0, 11.0, 16.0 ], 
            "to": [ 4.0, 13.0, 16.5 ], 
            "faces": {
                "north": { "texture": "#0", "uv": [ 11.0, 11.0, 12.0, 11.5 ] },
                "east": { "texture": "#0", "uv": [ 11.0, 11.0, 12.0, 11.5 ] },
                "south": { "texture": "#0", "uv": [ 11.0, 11.0, 12.0, 11.5 ] },
                "west": { "texture": "#0", "uv": [ 11.0, 11.0, 12.0, 11.5 ] },
                "up": { "texture": "#0", "uv": [ 11.0, 11.0, 12.0, 12.0 ] },
                "down": { "texture": "#0", "uv": [ 11.0, 11.0, 12.0, 12.0 ] }
            }
        },
        {
            "name": "Cube",
            "from": [ 4.0, 12.0, 16.0 ], 
            "to": [ 5.0, 13.0, 16.5 ], 
            "faces": {
                "north": { "texture": "#0", "uv": [ 11.0, 11.0, 12.0, 11.5 ] },
                "east": { "texture": "#0", "uv": [ 11.0, 11.0, 12.0, 11.5 ] },
                "south": { "texture": "#0", "uv": [ 11.0, 11.0, 12.0, 11.5 ] },
                "west": { "texture": "#0", "uv": [ 11.0, 11.0, 12.0, 11.5 ] },
                "up": { "texture": "#0", "uv": [ 11.0, 11.0, 12.0, 12.0 ] },
                "down": { "texture": "#0", "uv": [ 11.0, 11.0, 12.0, 12.0 ] }
            }
        },
        {
            "name": "Cube",
            "from": [ 4.0, 4.0, -0.5 ], 
            "to": [ 5.0, 6.0, 0.0 ], 
            "faces": {
                "north": { "texture": "#0", "uv": [ 11.0, 11.0, 12.0, 11.5 ] },
                "east": { "texture": "#0", "uv": [ 11.0, 11.0, 12.0, 11.5 ] },
                "south": { "texture": "#0", "uv": [ 11.0, 11.0, 12.0, 11.5 ] },
                "west": { "texture": "#0", "uv": [ 11.0, 11.0, 12.0, 11.5 ] },
                "up": { "texture": "#0", "uv": [ 11.0, 11.0, 12.0, 12.0 ] },
                "down": { "texture": "#0", "uv": [ 11.0, 11.0, 12.0, 12.0 ] }
            }
        },
        {
            "name": "Cube",
            "from": [ 11.0, 12.0, -0.5 ], 
            "to": [ 12.0, 13.0, 0.0 ], 
            "faces": {
                "north": { "texture": "#0", "uv": [ 11.0, 11.0, 12.0, 11.5 ] },
                "east": { "texture": "#0", "uv": [ 11.0, 11.0, 12.0, 11.5 ] },
                "south": { "texture": "#0", "uv": [ 11.0, 11.0, 12.0, 11.5 ] },
                "west": { "texture": "#0", "uv": [ 11.0, 11.0, 12.0, 11.5 ] },
                "up": { "texture": "#0", "uv": [ 11.0, 11.0, 12.0, 12.0 ] },
                "down": { "texture": "#0", "uv": [ 11.0, 11.0, 12.0, 12.0 ] }
            }
        },
        {
            "name": "Cube",
            "from": [ 12.0, 11.0, -0.5 ], 
            "to": [ 13.0, 13.0, 0.0 ], 
            "faces": {
                "north": { "texture": "#0", "uv": [ 11.0, 11.0, 12.0, 11.5 ] },
                "east": { "texture": "#0", "uv": [ 11.0, 11.0, 12.0, 11.5 ] },
                "south": { "texture": "#0", "uv": [ 11.0, 11.0, 12.0, 11.5 ] },
                "west": { "texture": "#0", "uv": [ 11.0, 11.0, 12.0, 11.5 ] },
                "up": { "texture": "#0", "uv": [ 11.0, 11.0, 12.0, 12.0 ] },
                "down": { "texture": "#0", "uv": [ 11.0, 11.0, 12.0, 12.0 ] }
            }
        },
        {
            "name": "Cube",
            "from": [ 3.0, 11.0, -0.5 ], 
            "to": [ 4.0, 13.0, 0.0 ], 
            "faces": {
                "north": { "texture": "#0", "uv": [ 11.0, 11.0, 12.0, 11.5 ] },
                "east": { "texture": "#0", "uv": [ 11.0, 11.0, 12.0, 11.5 ] },
                "south": { "texture": "#0", "uv": [ 11.0, 11.0, 12.0, 11.5 ] },
                "west": { "texture": "#0", "uv": [ 11.0, 11.0, 12.0, 11.5 ] },
                "up": { "texture": "#0", "uv": [ 11.0, 11.0, 12.0, 12.0 ] },
                "down": { "texture": "#0", "uv": [ 11.0, 11.0, 12.0, 12.0 ] }
            }
        },
        {
            "name": "Cube",
            "from": [ 4.0, 12.0, -0.5 ], 
            "to": [ 5.0, 13.0, 0.0 ], 
            "faces": {
                "north": { "texture": "#0", "uv": [ 11.0, 11.0, 12.0, 11.5 ] },
                "east": { "texture": "#0", "uv": [ 11.0, 11.0, 12.0, 11.5 ] },
                "south": { "texture": "#0", "uv": [ 11.0, 11.0, 12.0, 11.5 ] },
                "west": { "texture": "#0", "uv": [ 11.0, 11.0, 12.0, 11.5 ] },
                "up": { "texture": "#0", "uv": [ 11.0, 11.0, 12.0, 12.0 ] },
                "down": { "texture": "#0", "uv": [ 11.0, 11.0, 12.0, 12.0 ] }
            }
        },
        {
            "name": "Cube",
            "from": [ 7.0, 10.0, -0.5 ], 
            "to": [ 9.0, 12.0, 0.0 ], 
            "faces": {
                "north": { "texture": "#0", "uv": [ 11.0, 11.0, 12.0, 11.5 ] },
                "east": { "texture": "#0", "uv": [ 11.0, 11.0, 12.0, 11.5 ] },
                "south": { "texture": "#0", "uv": [ 11.0, 11.0, 12.0, 11.5 ] },
                "west": { "texture": "#0", "uv": [ 11.0, 11.0, 12.0, 11.5 ] },
                "up": { "texture": "#0", "uv": [ 11.0, 11.0, 12.0, 12.0 ] },
                "down": { "texture": "#0", "uv": [ 11.0, 11.0, 12.0, 12.0 ] }
            }
        },
        {
            "name": "Cube",
            "from": [ 3.0, 3.0, -0.5 ], 
            "to": [ 13.0, 4.0, 0.0 ], 
            "faces": {
                "north": { "texture": "#0", "uv": [ 11.0, 11.0, 12.0, 11.5 ] },
                "east": { "texture": "#0", "uv": [ 11.0, 11.0, 12.0, 11.5 ] },
                "south": { "texture": "#0", "uv": [ 11.0, 11.0, 12.0, 11.5 ] },
                "west": { "texture": "#0", "uv": [ 11.0, 11.0, 12.0, 11.5 ] },
                "up": { "texture": "#0", "uv": [ 11.0, 11.0, 12.0, 12.0 ] },
                "down": { "texture": "#0", "uv": [ 11.0, 11.0, 12.0, 12.0 ] }
            }
        },
        {
            "name": "Cube",
            "from": [ 11.0, 4.0, -0.5 ], 
            "to": [ 12.0, 6.0, 0.0 ], 
            "faces": {
                "north": { "texture": "#0", "uv": [ 11.0, 11.0, 12.0, 11.5 ] },
                "east": { "texture": "#0", "uv": [ 11.0, 11.0, 12.0, 11.5 ] },
                "south": { "texture": "#0", "uv": [ 11.0, 11.0, 12.0, 11.5 ] },
                "west": { "texture": "#0", "uv": [ 11.0, 11.0, 12.0, 11.5 ] },
                "up": { "texture": "#0", "uv": [ 11.0, 11.0, 12.0, 12.0 ] },
                "down": { "texture": "#0", "uv": [ 11.0, 11.0, 12.0, 12.0 ] }
            }
        },
        {
            "name": "Cube",
            "from": [ 10.0, 6.0, -0.5 ], 
            "to": [ 11.0, 8.0, 0.0 ], 
            "faces": {
                "north": { "texture": "#0", "uv": [ 11.0, 11.0, 12.0, 11.5 ] },
                "east": { "texture": "#0", "uv": [ 11.0, 11.0, 12.0, 11.5 ] },
                "south": { "texture": "#0", "uv": [ 11.0, 11.0, 12.0, 11.5 ] },
                "west": { "texture": "#0", "uv": [ 11.0, 11.0, 12.0, 11.5 ] },
                "up": { "texture": "#0", "uv": [ 11.0, 11.0, 12.0, 12.0 ] },
                "down": { "texture": "#0", "uv": [ 11.0, 11.0, 12.0, 12.0 ] }
            }
        },
        {
            "name": "Cube",
            "from": [ 9.0, 8.0, -0.5 ], 
            "to": [ 10.0, 10.0, 0.0 ], 
            "faces": {
                "north": { "texture": "#0", "uv": [ 11.0, 11.0, 12.0, 11.5 ] },
                "east": { "texture": "#0", "uv": [ 11.0, 11.0, 12.0, 11.5 ] },
                "south": { "texture": "#0", "uv": [ 11.0, 11.0, 12.0, 11.5 ] },
                "west": { "texture": "#0", "uv": [ 11.0, 11.0, 12.0, 11.5 ] },
                "up": { "texture": "#0", "uv": [ 11.0, 11.0, 12.0, 12.0 ] },
                "down": { "texture": "#0", "uv": [ 11.0, 11.0, 12.0, 12.0 ] }
            }
        },
        {
            "name": "Cube",
            "from": [ 6.0, 8.0, -0.5 ], 
            "to": [ 7.0, 10.0, 0.0 ], 
            "faces": {
                "north": { "texture": "#0", "uv": [ 11.0, 11.0, 12.0, 11.5 ] },
                "east": { "texture": "#0", "uv": [ 11.0, 11.0, 12.0, 11.5 ] },
                "south": { "texture": "#0", "uv": [ 11.0, 11.0, 12.0, 11.5 ] },
                "west": { "texture": "#0", "uv": [ 11.0, 11.0, 12.0, 11.5 ] },
                "up": { "texture": "#0", "uv": [ 11.0, 11.0, 12.0, 12.0 ] },
                "down": { "texture": "#0", "uv": [ 11.0, 11.0, 12.0, 12.0 ] }
            }
        },
        {
            "name": "Cube",
            "from": [ 5.0, 6.0, -0.5 ], 
            "to": [ 6.0, 8.0, 0.0 ], 
            "faces": {
                "north": { "texture": "#0", "uv": [ 11.0, 11.0, 12.0, 11.5 ] },
                "east": { "texture": "#0", "uv": [ 11.0, 11.0, 12.0, 11.5 ] },
                "south": { "texture": "#0", "uv": [ 11.0, 11.0, 12.0, 11.5 ] },
                "west": { "texture": "#0", "uv": [ 11.0, 11.0, 12.0, 11.5 ] },
                "up": { "texture": "#0", "uv": [ 11.0, 11.0, 12.0, 12.0 ] },
                "down": { "texture": "#0", "uv": [ 11.0, 11.0, 12.0, 12.0 ] }
            }
        },
        {
            "name": "Cube",
            "from": [ 4.0, 16.0, 10.0 ], 
            "to": [ 5.0, 16.5, 12.0 ], 
            "faces": {
                "north": { "texture": "#0", "uv": [ 11.0, 11.0, 12.0, 11.5 ] },
                "east": { "texture": "#0", "uv": [ 11.0, 11.0, 12.0, 11.5 ] },
                "south": { "texture": "#0", "uv": [ 11.0, 11.0, 12.0, 11.5 ] },
                "west": { "texture": "#0", "uv": [ 11.0, 11.0, 12.0, 11.5 ] },
                "up": { "texture": "#0", "uv": [ 11.0, 11.0, 12.0, 12.0 ] },
                "down": { "texture": "#0", "uv": [ 11.0, 11.0, 12.0, 12.0 ] }
            }
        },
        {
            "name": "Cube",
            "from": [ 3.0, 16.0, 12.0 ], 
            "to": [ 13.0, 16.5, 13.0 ], 
            "faces": {
                "north": { "texture": "#0", "uv": [ 11.0, 11.0, 12.0, 11.5 ] },
                "east": { "texture": "#0", "uv": [ 11.0, 11.0, 12.0, 11.5 ] },
                "south": { "texture": "#0", "uv": [ 11.0, 11.0, 12.0, 11.5 ] },
                "west": { "texture": "#0", "uv": [ 11.0, 11.0, 12.0, 11.5 ] },
                "up": { "texture": "#0", "uv": [ 11.0, 11.0, 12.0, 12.0 ] },
                "down": { "texture": "#0", "uv": [ 11.0, 11.0, 12.0, 12.0 ] }
            }
        }
    ]
}